time,tweet,retweets,followers,urls,authors,mentions,ranking score
10,1729,2451,5660117.0,1356,993,265,7372.00376409999
11,1734,2358,7640535.0,1393,920,221,7403.367862499997
12,1619,2563,7850956.0,1221,926,285,6938.2976424999915
13,1582,2277,4955196.0,1177,967,271,6771.375260800014
14,1857,4734,10871571.0,1413,1239,288,7989.608871500008
15,2790,4167,9455386.0,1690,2113,410,12195.832633099975
