time,tweet,retweets,followers,urls,authors,mentions,ranking score
9,979,3210,6449961.0,390,903,308,4429.966164500001
10,12931,17965,19308199.0,10093,12434,19275,54889.388545600224
11,60619,74766,51041619.0,57365,59791,114170,250622.50180960423
12,52699,61205,39313052.0,48895,52010,97164,217610.34765789675
13,41019,48759,33190970.0,36957,40317,72846,170267.5713845852
14,37307,47341,54713761.0,31530,36271,60732,156395.65846698414
