time,tweet,retweets,followers,urls,authors,mentions,ranking score
11,7591,15316,36948893.0,1300,6911,3275,33766.67397619989
12,9361,20889,63149167.0,1502,8353,4299,41664.70310139979
13,10374,23780,56331829.0,1536,9311,4418,46302.65726819938
14,20066,40401,71509532.0,2347,18040,7288,89186.28552929807
15,81958,140370,341986255.0,4720,62242,20642,370798.52583619737
16,82923,145849,339357959.0,3667,53360,22175,375573.3258724081
