time,tweet,retweets,followers,urls,authors,mentions,ranking score
3,441,1560,4672767.0,195,365,222,1977.669733300002
4,550,840,6861668.0,212,482,264,2513.104107300003
5,610,1765,16062893.0,222,550,330,2814.890460299997
6,888,1884,11941082.0,368,776,488,4014.723760099999
7,616,1755,11524125.0,296,543,312,2876.758699700001
8,523,1166,5436365.0,253,468,236,2442.2471395
