time,tweet,retweets,followers,urls,authors,mentions,ranking score
14,419,1918,3955589.0,179,310,178,2092.904778000002
15,257,576,1813464.0,112,186,142,1215.6276494000003
16,236,480,1911266.0,150,186,88,1080.7630228999994
17,266,494,702588.0,139,197,87,1223.3154768999998
18,267,512,1410837.0,146,218,103,1224.7706612999998
19,201,412,1348812.0,119,166,96,882.8428811
