time,tweet,retweets,followers,urls,authors,mentions,ranking score
16,49,65,55217.0,44,19,6,201.43695189999997
17,72,83,66514.0,66,28,6,291.50892939999994
18,56,59,35577.0,52,21,2,220.85109749999998
19,41,43,13027.0,40,15,7,164.63068200000004
20,11,11,3862.0,11,7,0,43.8264985
