time,tweet,retweets,followers,urls,authors,mentions,ranking score
10,137,283,1717045.0,72,131,75,620.2214058999997
11,82,165,373976.0,43,80,43,367.46380789999995
12,68,153,17131333.0,38,64,33,295.0748071000001
13,94,140,357749.0,53,88,79,404.23834210000007
14,171,224,363126.0,129,91,109,680.4840603000002
15,178,259,419740.0,145,68,173,726.5130343000006
