time,tweet,retweets,followers,urls,authors,mentions,ranking score
17,342,1498,1954132.0,213,246,195,1527.5098825999999
18,508,1068,4423248.0,383,284,336,2120.6645557999996
19,353,568,1138637.0,235,265,182,1584.8793776000007
20,362,614,8295227.0,238,269,164,1583.629605200002
21,281,540,866203.0,183,204,142,1253.0043675000004
22,213,271,225292.0,131,142,58,934.1638911
