time,tweet,retweets,followers,urls,authors,mentions,ranking score
12,62,65,121923.0,56,34,4,253.14842409999997
13,54,64,62833.0,51,33,9,220.58460120000004
14,68,77,157875.0,67,33,6,278.6964856000001
15,62,65,54620.0,53,29,4,248.19569889999997
16,58,59,55630.0,51,28,4,229.64154269999997
17,61,64,58171.0,55,28,5,245.6905916
