time,tweet,retweets,followers,urls,authors,mentions,ranking score
22,125,204,181846.0,103,98,55,538.6713899000001
23,102,134,261888.0,86,76,30,436.28754559999993
0,66,72,490172.0,55,45,21,287.6329883000001
1,60,67,94070.0,49,38,5,279.01931240000016
2,55,64,51985.0,39,34,14,240.64500639999991
3,120,711,1288840.0,87,88,31,502.49740999999995
